RowID,ResponseId,Q6_definition,exclude,open-repeatable,result-same,result-similar,data-same,data-new,context-new,methods-same,methods-varied,validate-external,unique-space-time,context-same,validate-internal,epistemology,notes
1,R_2Y6bjlpycRPhJLG,"I do qualitative human geography work--most of my work is not focused on being replicable in a strictly positivist context and which aligns with quantitative methods.  Within that context is that you design experiments or run tests that if someone else did the same thing with the data, or with their own data, you would get largely similar results.",,,,1,1,1,,1,,,,,,,
2,R_3fHjYUojPVtzrSp,That a given set of data and a given set of methods can be shown to give the same result as previously obtained.,,,1,,1,,,1,,,,,,,
3,R_DBJc9C64rFoMOcN,To be able to get the same result with the same data.,,,1,,1,,,,,,,,,,
4,R_ZjJlwbIMNI6y9Gx,to resue data /some idea in another context,,,,,1,,1,,,,,,,,
5,R_27KfAmDZMG04qTb,"At the level of an individual study the idea of multiple independent plots

In the context of the field, multiple studies in similar habitats/environments",,,,,,1,1,1,,,,,,,
6,R_2ysaXvBqr9PTTVX,"The nature of the reproducability of research findings on the basis of the transparency of reserach aims, methods and data sources.",,1,,,,,,,,,,,,,
7,R_3JyEhu9Fwpuwr8v,"important aspect of reliability; the ability to reproduce findings across different datasets, populations, contexts, etc.",,,,1,,1,1,,,1,,,,,
8,R_1kG5j5wRl5Mmz0y,Drawing similar conclusions about overriding structural forces influencing the operation of social and environmental systems from different temporal or spatial settings.,,,,1,,,1,,,1,,,,,
9,R_2QiKqRFpw6DWs0B,NA,1,,,,,,,,,,,,,,
10,R_PtfJGT14PdP2GLT,use an existing methodology and apply it in another domain or for other data,,,,,,1,1,1,,,,,,,
11,R_1dBrF30sz0LEXbx,The ability to reproduce the same protocol and obtain the same results.,,1,1,,,,,1,,,,,,,
12,R_30ehVoLlny5CBlz,Producing consistent results with varied data and analytic methods.,,,,1,,1,,,1,,,,,,
13,R_ZKborDAy7oXgNAl,"There are two main aspects to replicability. 1) computational replicability, also called reproducibility, the degree to which published results can be replicated from the same data, and 2) replicability sensu stricto, the degree to which the entire research process, including data collection, can be reproduced and still yield the same results.",,1,1,,1,1,,1,,,,,,,
14,R_33xTNpDNmRJkE8f,"Replicability to me means that published results should not be merely contingent on overly specific or even idiosyncratic conditions. Instead, the same basic features should occur repeatedly under different, comparable conditions, provided that these reflect the same process that presumably led to the emergence of the reproduced result. This understanding mainly pertains to empirical results. In conceptual or formal (i.e. deductive) work, replicability should be much easier to achieve, since there is either logical consistency or not.",,,,1,,,1,,,,,1,,,
15,R_PAJVNCBkiV0GJrP,"Especially with statistical analysis, we should arrive a the same results when we conduct similar analysis on the same dataset. Furthermore, research data and findings should be stored in such a way that the results can be 'replicated' in the future.",,1,1,,1,,,,1,,,,,,
16,R_3J8E376HYtxj70C,Using the same or similar data from the same category could lead to the exact the same or similar result if you adopt the same algorithm.,,1,1,1,1,1,,1,,,,,,,
17,R_rfDJAP2gnuwE4zT,is the possibility of repeat similar experiments in differents study areas or different temporal and spatial scales,,1,,,,,1,1,1,,,,,,
18,R_28SSRHND7Cis0Fm,"For qualitative methods, I would take it to mean ability to replicate an approach to research, rather than to generate the same data as another study",,,,,,1,,1,,,,,,,
19,R_12075jMSCqgeUh6,Results are reproducible within certain limits.,,,,1,,,,,,,,,,,
20,R_2ANCqPaKdeMiYUG,Experiments or observations can be reproduced in locations other than the particular study site.,,,,,,,1,1,,,,,,,
21,R_1r83KejqP7OFfix,Replicability is obtain results across studies aimed at answering the same scientific question,,,,1,,,1,,,1,,,,,
22,R_3j9xK0jlPG7lYS8,the feasibility of reproducing results presented in a study by a different researcher,,1,1,,,,,,,,,,,,
23,R_1HcQ5ZJUHjae80I,"Results that can be replicated by multiple independent investigators, using different datasets, analysis, etc.",,,,1,,1,,,1,,,,,,
24,R_2eR8rHvZ8ju0Pfb,NA,,,,,,,,,,,,,,,
25,R_xF7eqa4GYvo5bfX,"The ability to create the same analysis, using the same data, and arrive at the same result.",,,1,,1,,,1,,,,,,,
26,R_86OptUc7zvG686t,The extent to which a study could be repeated by other researchers,,1,,,,,,,,,,,,,
27,R_1gAMNyEdCuUJZIi,"Providing clear instructions for every step of the data-collection and -analysis procedures undertaken, so like a recipe where someone else could bake the same cake, ideally including statistical-programming code if used as well as the original data used.",,1,1,,,,,1,,,,,,,hungry
28,R_1HcLU01ISS6a4Qq,"A designed experiment or measurement can be replicated independently with the same result. This requires a clearly defined experimental design, detailed measurement protocols (standard operating procedures).",,1,1,,,,,1,,,,,,,
29,R_12EEsEjPZY04WV6,"The assumption that research models, designs and data etc. can/should be reproduced by others and give the same results",,1,1,,1,,,1,,,,,,,
30,R_1jUJfER9Wri85fP,"To replicate a study would be to redo it and get the same results. In my subfield that would be difficult to achieve because the study I conducted was very context-specific, both in time and space.",,,1,,,,,1,,,1,,,,
31,R_28Ut26FXF1MJEZt,Evidence can be replicated in varying degrees and scales of reference.,,,,1,,,1,,,,,,,,
32,R_2dFN8ER1GFcoFl9,"The ability to effectively identify and accurately re-perform the steps by which a study was both undertaken from data collection through to the interpretation of the results achieved. The purpose of reproducability is to establish mechanisms through which to assess the quality of research performed by others (i.e. to test the strength of their conclusions), to improve the comparability of one's findings to existing research (and thereby test the generalisability of these findings), and to provide greater transparency for establishing the limits of what the research process does or does not do, or claim to inform upon.",,1,,1,,,,1,,1,,,,,
33,R_8GqnPTMtdTEfe9P,Observed patterns or trends are likely to be seen again if measured again in a different sample.,,,,,,,,,,,,,1,,different sample (of same database?)
34,R_3qapy3dscjFt7iJ,The ability for someone else (or yourself) to repeat the study using the same methods and approaches.,,1,,,,,,1,,,,,,,
35,R_3G833vaOsIMiJqT,"Ensure that reserach undertaken is accurately documented, including choice of methods, sample selection, and code produced to analyse/process data, to ensure that research is 'reproducible' to the extent that if the same data were used the same results would be found",,1,1,,1,,,,,,,,,,
36,R_xyCcoGXzZIYOHqp,The ability to infer results or findings from one place to another. A synonym is generalisability.,,,,1,,,1,,,1,,,,,
37,R_2dTkPvya1BjKlvi,NA,1,,,,,,,,,,,,,,
38,R_2YKtou6Uj2ZBCg3,"I understand it as being able to recreate quantiative output based on a particular dataset X. In archaeology, it is often difficult to obtain true replicability because the original material (faunal remains, pottery, lithics) from which data set X is derived is not accessible or, it is not reasonable to analyze all the material again (takes too long). Also, it's not possible to ever 're-excavate' was has already been excavated!",,,1,,1,,,,,,1,1,,,
39,R_1eFP4UMY1Vx5rPe,"Replicability refers the degree to which a study could be conducted in the same way again, at a different point in time and by other people. Good replicability necessitates that study sites, methods and materials are described in adequate detail. But then there's the question of what replicability means in observational studies where the whole setting of the study changes in time (e.g. forest succession in study sites proceeds) so that the study cannot be repeated in the same way in the same area again. Also, there's a difference between replicability of a study and replicability of results. A replicable study does not automatically yield replicable results.",,1,,,,,1,1,,1,1,1,,,
40,R_1dtuAmWRi4mMaoh,"Replicability means that both the data sources and methodology of a research project are noted down clearly and detailed enough so that other researchers can reproduce the research exactly as a form of peer review, or that the same or similar research can easily be repeated in another domain or area.",,1,1,,1,,1,1,,,,,,,
41,R_2qsyrY0KkiYGt07,"In my field, replicable science refers to science where someone applying the same methodology/model to the same input dataset should get the same results. It is usually facilitated using a scripting approach (usually implemented in an open source environment like R Studio or Jupyter Notebooks) that tracks all manipulations to the original input dataset (including filtering, cleaning, and analysis), as well as the generation of the publication figures, tables, and manuscript (including values reported in the text).  In replicable science, all the code scripts and original data are made publically available at the time of submission so that anyone can replicate the entire workflow behind the manuscript.",,1,1,,1,,,1,,,,,,,
42,R_2zeUZXvv8xhigAK,"Published work can be reproduced by others. It is important that the paper is written and data presented in such a way this is possible. Not always the case. 

Results are common across a set of independent studies,  data analyses and data sets. This is not something I find is commonly presented in my field (sea ice geophysics). There is actually a tendency to prevent publication of papers that are reproducing past analysis. Also, it is not encouraged in our career progression to publish such work. Novelty is prized over verifying scientific findings are indeed robust and peer review. 

Experiments are designed such that their results can be tested independently (admittedly this is not so common in geosciences where we might collect a data set that is available in other forms).  And this might be described better as a robust finding if the same behavior is identified in independant data sets. However publishing of results that turn out to be not reproduced subsequently in new data is a known issue.",,1,,1,,1,1,1,,1,,,,,
43,R_24iN3OT053LvXnI,I understand that a study is replicable if someone can use the methods described in a paper to generate a new dataset and obtain a similar result.,,,,1,,1,,1,,,,,,,
44,R_3LjBsyzGr80wcSa,The ability for some other researcher to carry out your same research design as closely as possible.,,1,,,,,,1,,,,,,,
45,R_2Xjj6WtJktSCPUu,"Ability of researchers other than the research team to reproduce published findings, ideally by having the original data and, if applicable, analysis procedures and code readily  available.",,1,1,,1,,,1,,,,,,,
46,R_1LpUYuv54y3LGo9,Research that can be replicated in other contexts.,,,,,,,1,,,,,,,,
47,R_1P5aBXFiTGytdwM,"The concept of ""replicability,"" as I understand it, refers to the ability to reproduce research results either with the same data (and the same analytical techniques), or with the same research design.",,,,,1,,,1,,,,,,,
48,R_1resBgU4l3l300v,Like an apple is falling towards the Earth,1,,,,,,,,,,,,,,
49,R_2V4ix12N7v5mKdn,Easy to reproduce the results. All needed data and code are available,,1,1,,1,,,1,,,,,,,
50,R_2pKpQHkqcle8twA,The possibility to verify the source data and elaboration procedure as well as to visit the field site,,1,,,1,,,1,,,,1,,,
51,R_2aLD9aFLzHHlNNN,Reproducibility. You or another research group can perform the same physical or numerical experiments and realize the same results.,,1,1,,,,,1,,,,,,,
52,R_2sTOT2N03y5YaD0,The ability to perform an analysis and achieve results that are the same (within a certain level of error) as previous attempts to perform the same analysis.,,,1,,,,,1,,,,,,,
53,R_1MQZAqss56CFT5O,"Being able to reproduce results, either by following the same protocol or by arriving at the same answer using different methods.",,,1,,,,,1,1,,,,,,
54,R_3rYC3Q28qUIqzWL,It means reliability of your work. Others can find your results as well when they follow your methodology and use your dataset,,,1,,1,,,1,,,,,,,
55,R_3094fdxPPmcPrN3,"Replicable studies in nature/society geography are those with sufficient methodological transparency and explication in study design that another researcher might reliably tackle the same study again to falsify, verify, and evaluate the previous results. Most obvious here, Land Change Science studies use publicly available remote sensing and property data, for example. I would be generous enough with my definition to include all historical qualitative work, and some other qualitative work. Example: A study of John Muir's texts that explores specific representations of, say Native Americans, would be empirically replicable, even if the interpretive elements were not.",,1,1,1,1,,,,,,,,,,
56,R_3NvKxwdJMmOCN5G,"To provide a full and complete information to repeat research and validate findings through the publication of open analytical (not primary) data, metadata, codes, pipelines, etc",,1,1,,1,,,1,,,,,,,
57,R_2xVSN6DhUYFfb9V,Reproducible results conducted by different scholars that reach the same conclusion.,,1,,,,,,,,1,,,,,
58,R_2wB40V2TYXcYh5N,"That a study should both be reported in a way that allows for another research to replicate the study and that ideally research studies are replicated by other researchers. The first focuses on using a series of clearly stated and explicated methodologies and data analysis techniques, so as to be recognizable to others and followed by others in a separate research undertaking. The second would point to the practice of similar studies being undertaken by other researchers. I think that most folks think more about the first point and much less about the second, for which I think there are serious barriers.",,1,,1,,,,1,,1,,,,,
59,R_3FQhYe6kvURaHRL,"To be able to perform an experiment and repeating it under the same/very similar circumstances.

Producing a script/research than can be run/performed by anyone, anywhere reaching the same results based on the same dataset/conditions and information",,1,1,,1,,,1,,,,1,,,
60,R_21iV1SmWnDrYIbc,"Replicability is not a big idea in my research, but in other fields it refers to the ideas that someone could repeat my research and produce similar results, come to the same findings.",,1,,1,,,,,,1,,,,,
61,R_3HiTQl5dgpRJuqr,"I understand replicability as a feature of quantitative studies or experiments and refers to the possibility of repeating the exact methods of data collection and arriving at the same results and conclusions as a previous researcher.
In my subfield, replicability is generally not an expectation because we are particularly interested in the specifics of what is happening in particular places, times and contexts and there is infinite variability. Most data we deal with is qualitative and even if the same research methodology was repeated, the data set would not be replicable.",,1,1,,,,,1,,,1,,,,
62,R_tRsfgsg0jn4T8Fb,"Do other studies using different data confirm the initial hypotheses? If yes, the result is replicated.",,,,1,,1,,,,1,,,,,
63,R_1i8aZr3VnHDhlBc,NA,1,,,,,,,,,,,,,,
64,R_2E195YsmaulvNoo,"I'm an ecologist. Replicability means that a study can be repeated with more or less the same conditions and you will get the same result. The key challenge is the part about ""more or less the same conditions"" because it differs from lab science where such conditions can be tightly controlled.",,,1,,,,,1,,,1,1,,,
65,R_1LYgM17dAY167ux,The ability for anyone to replicate/verify the results reported in a publication. This entails providing access to the same data set and method used for the published analysis.,,1,1,,1,,,1,,,,,,,
66,R_vxJ9MJLzw5Kyt5D,When the results of one study are found to be consistent by another study in the field.,,,,1,,,,,,1,,,,,
67,R_2VOb0gt3HNaUlJu,The phenomenon can be found or proposed strategies can be applied to other spatial entity.,,,,1,,,1,1,,,,,,,
68,R_C7jzv5leLecBqiB,"1. Data used should be accessible or made accessible
2. Data and program files (eg Stata, R.) should be available for secondary checking
3. Results files be available",,1,,,,,,,,,,,,,
69,R_xrAbVLua8qE9QMp,the data can be examined by further research,,1,,,,,,,,,,,,,
70,R_1dvkI8GZqk90mP2,We don't use the term but it refers to the ability for someone to get the same or similar results. It only really makes sense within a particular/post-positivist epistemology. It does not really apply when we think about knowledge as co-created.,,,1,1,,,,,,,1,,,1,
71,R_DxbafrxvybcAB6V,Study the same topic but without (much) innovation.,1,,,,,,,1,1,,,,,,
72,R_p9OBUfW3DMV0Dxn,I understand replicability as a question - Are methods suffciently detailed and data available to allow other researchers or third parties to reproduce a research project or duplicate the findings of a research project using different data?,,1,,1,1,1,,,,1,,,,,
73,R_beHd2VeoBNlYiaZ,The possibility that a result can be replicated or verified by future analysis to lend more confidence to the result.,,,,1,,,1,,,,,,,,
74,R_5q0dcQ5V7yElOoh,"Replicability means that research that has a clear methodology, so it is possible to repeat it.",,1,,,,,,,,,,,,,
75,R_3s4ZR5gpyzFsoqy,Reproducibility of the method,,1,,,,,,,,,,,,,
76,R_8j1ik0NAQ9Pepz3,the capacity to repeat a research method,,1,,,,,,,,,,,,,
77,R_2rGvpSduQGK6K6E,"The ability for independent researchers to reach the same conclusions on any particular study, using either the same data used in the original study, or through a different set of data.",,,,1,1,1,,,,1,,,,,
78,R_4YPOT7Jdmfq0vOF,"Anyone with appropriate prior knowledge should be able to replicate the analysis performed in a given study fully based solely on the information provided in the paper/report describing it. This includes description of of sampling designs and lab measurements, making original data and code available, and for all data downloaded from databases, a clear record of what data was downloaded when.",,1,,,,,,,,,,,,,
79,R_3qF4UPEft8yLgtd,"That a similar study can be conducted by another scholar, towards comparability.",,,,1,,,,,,1,,,,,
80,R_3qZEzHXTabXnWix,The ability to reproduce quantitative results,,1,1,,,,,,,,,,,,
81,R_3NECVf8UIwVWX8U,"Someone would be able to use your description of the research methods you used, apply them themselves and generate data that led them to the same conclusions.",,,,1,,1,,1,,,,,,,
82,R_AbQQ07YlDHp9uAF,"we analyze samples in duplicate or in triplicate. Therefore, replicability is necessary in the research",,,,,,,,,,,,,1,,
83,R_2S8nH8cti0uaIhA,"Replicability is the degree of concordance between measurements of the same variable changing one ore more conditions (study site, environmental condition,  controllable variables).",,,,1,,,1,,,,,,,,
84,R_2ZOlDtacOfxzhdk,Replicability is the obtention of consistent results in different studies,,,,1,,,,,,1,,,,,
85,R_3D797Qzrg766d5e,I am working in topics of planning. Many studies are case studies about unique planning processes. Studying the same process by different researchers may result in different perspectives as the questions and perspective may be different. Studying different cases may result also in different outcomes as context matters.,,,,,,,1,,,1,1,,,,
86,R_2YVUdWYFIrevSg4,That research is conducted and reported in such a way that it could be repeated (replicated) by another researcher with the expectation of producing the same/similar results.,,1,1,1,,,,,,,,,,,
87,R_210dMj4d67WtmUZ,Confirm the scientific findings and results by repeating studies.,,,,1,,,,,,1,,,,,
88,R_4I8D3P7vbLHplkd,The extent to which a study and its results can be replicated independently.,,1,1,,,,,,,,,,,,
89,R_33DyH9s55vh6rM8,Experimental results can be repeated,,1,,,,,,,,,,,,,
90,R_ximiZMu0vYmPG7v,studies that can be re-tested,,1,,,,,,,,,,,,,
91,R_3fcQ9Z9RVRQXJCX,Replicability means obtaining consistent data and results across studies aimed at answering the same scientific question/s using new data or other new methods.,,,,1,,1,,1,1,1,,,,,
92,R_AyBXUwl9ekkj6pP,"Replicability of results, i.e. the possibility for other researchers to reproduce the experiment, or confirm the conclusions of a given study.",,1,,1,,,,,,,,,,,
93,R_2TyIBiLMHoUIeHo,"Using the same scientific methods, different groups are able to reproduce results",,1,1,,,,,1,,,,,,,
94,R_ZfaRmIBNuG3Ofst,"Using and adapting existing innovation conceptual frameworks, methods and indicators across different geographies and periods or in different contexts (for example sector-focused studies or across categories of company size).",,,,,,,1,1,,,,,,,
95,R_27JP4hwl7ysinDF,The methodology can be used in similar contexts and its results can also be extrapolated to other sites with substantially the same characteristics,,,,1,,,1,1,,,,1,,,
96,R_cNLQzIz54fFD7Pj,The capacity to reproduce a study,,1,,,,,,,,,,,,,
97,R_31YGatmnn7bK2uy,"The ability of other to redo analyses, using the same data and same methods",,1,,,1,,,1,,,,,,,
98,R_2dowvdWMSDvrMyV,The ability to reproduce a study using the same or similar research design to test both its internal and external valdity.,,,,1,,,,1,1,1,,,1,,
99,R_1hALhgGDtEipltN,"Replicability is used to assess whether the scientific results of a study are credible and generalizable. It is more common in natural sciences research where one can obtain consistent results across studies if they can create the same physical conditions. However, in social sciences, especially working with human subjects, replicating the same study (meaning applying the same methods, research design etc.) is quite impossible. Our research is so often situated and non-replicable in the sense that scientific research is in, for example, physics. However, that doesn't mean that it is not scientific or credible.",,,,1,,,,1,,1,1,,,1,
100,R_1MRGprXluD9f8XO,That another researcher can get the same results as you by using the same methodological approach,,,1,,,,,1,,,,,,,
101,R_2hq2jbTJ9h6YlJD,"A different person looking at my data would come to the same conclusions. Even better, someone going and using my same interview protocol would find the same results, after spending a similar time in the field. But I also recognize we aren't seeking objectivity in Geography in the same way many natural and physical scientists do, so I think they'd pick up on different nuances than I did. Furthermore, many of the trends I observed were particular to this time (late 2010s) and will likely take on a different shape as broader societal trends also change.",,,1,1,1,1,1,1,,1,1,,,1,
102,R_1jZALgcgQPJtEDx,it should be possible to repeat the same study and/or analysis and arrive at same results,,1,1,,,,,1,,,,,,,
103,R_2Sv1nLPrwU2MO8l,Capacity of another researcher to understand the research approach/methods clearly enough to replicate the research design and its implementation.,,1,,,,,,,,,,,,,
104,R_b8VGQzADIdo2wff,NA,1,,,,,,,,,,,,,,
105,R_3EXOoXHfO5D3dBj,The ability to read one's work and recreate the same results using the same methodology.,,1,1,,,,,1,,,,,,,
106,R_1EhyeKWhl9SKhbJ,The methodology used to arrive at the results in one study can be replicated in a subsequent study.,,1,,,,,,1,,1,,,,,
107,R_yr2fXleeH5caDOV,The ability to reproduce research using (open) data and code which has been published online with the research,,1,,,1,,,1,,,,,,,
108,R_3JtrZSxjlijeRTs,Whether a method is providing expected results when applied to datasets on which it is supposed to work,,,1,,1,,,1,,,,,,,
109,R_5C7dr9kRkiGZAB3,Replicability refers to the ability of a researcher to duplicate the results of a prior study if the same procedures are followed but new data are collected.,,,,1,,1,,1,,,,,,,
110,R_56AREHim7pCz1Yd,"The methodology of an article should be described in such a manner, that other researchers be able to repeat the steps.",,1,,,,,,,,,,,,,
111,R_1pQzVNVvfrnwvCD,"That people can repeat the same experiments using the same conditions. Alternatively, conduct the same set of observations, using the same tools even if for a different system.",,,,,,,1,1,,,,1,,,
112,R_el06VOazfMitviN,"The term has much more sense in experimentation. It is the possibility of repeating an experiment (an investigation) maintaining all variables and procedures equal, and thus attaining the same results.",,1,1,,1,,,1,,,,,,,
113,R_1DN10MAzdEXt4fD,That experimental/observational work can be repeated and similar findings established.,,,,1,,,,1,,,,,,,
114,R_BVWLrbUR3qXCs6t,"Being an experimental geochemist, it is important that other scholars can replicate my methodologies in order to validate the findings I report. Therefore, replicability stands for the ability to independantly replicate results published in peer-reviewed journals in any setting and is one of the vital components of transparency in advancing science.",,1,,1,,,1,1,,1,,,,,
115,R_3Jx70QXTh3ywCYY,"Capacity to reproduce research processes and methods leading to similar outcome, if they were applied by a different team of researchers in the same setting, or to comparable results (comparable in the sense of enabling comparisons), if they were applied in a different setting. However, in my understanding replicability in any scientific discipline is more about ensuring ""transparency"" of research (eliciting which methods are applied and how they are applied) rather than about enabling ""validation"" of research outputs.",,1,,1,,,1,1,,,,1,,,Not about validating outputs!
116,R_3m3mizoCOGe7lyi,cycles and recurrence of similar events,1,,,,,,,,,,,,,,
117,R_CfZlXEtHqXHhbHz,"I would not consider myself a geographer, but have come to publish within geography from a critical political economy/sociology perspective. I have not engaged with debates about replicability within geography, defined as a discrete discipline, thus my understanding is probably a rather general one: I would distinguish between the stricter reproducability and the less strict replicability where reproducability would focus on the findings of a research project being reproducable in the sense that using the same (usually quantitative) data and running the same (probably IT-based) methods and programmes, a third researcher would be able to arrive at the same findings. Replicability I understand to be less strict in the sense that using similar data (quantitative and/or qualitative), similar methods, and similar theoretical approaches, a researcher would be able to come to similar findings that would support a certain more general argument or observation, or to put it differently where different researchers using different methods and data would answer the same (or very similar) research question(s) in the same (or very similar) way, thus leading to consistency across studies.",,,,1,,1,1,1,1,1,,,,,ignore reproducibility part of answer
118,R_1P0GXiqdsVRKiTI,Methods and data are available such that analyses and results can be easily repeated or replicated by others,,1,,,,,,,,,,,,,
119,R_1fZOSTIAZJnQm9E,"That if another researcher followed my research methods at my study sites we would come to similar conclusions, or that I have provided sufficient detail for a research to apply my research approach to address a similar research problem.",,1,,1,,,,1,,,,1,,,
120,R_5hhVsLtor29mGD7,"Is the ability in obtaining consistent results using different methods, through different studies. For instance 2 studies applying different methods were able to come to the same conclusion.",,,,1,,,,,1,,,,,,
121,R_3szQJqYPYjFtIzA,It is the ability of a scientific experiment to be repeated to obtain a similar result.,,1,,1,,,,1,,,,,,,
122,R_338VdQJ0wUNr6dJ,"How likely it would be that if your conducted your study on a wider population of your sample, that you would get the same results/ findings",,,,,,,,,,,,,1,,
123,R_2Cs2Exn37DwvD1L,the ability of other scholars and specialists to repeat the methods described in published research using the same data and produce the same results as the original published research. Replicability in science requires a high degree of transparency and honesty in the original publication and also availability of the data used in the original study. Replicability is the backbone of ethics in science.,,1,1,,1,,,1,,,,,,,
124,R_b7XuixOtWK577cB,physical mechanisms that are robust.,1,,,,,,,,,,,,,,
125,R_7O2WwHvEAomxOql,Replicability is when others can repeat your studies and get similar results within a certain margin of error.  It is typically much easier to analyze in quantitative studies.,,1,,1,,,,,,,,,,,
126,R_3ebph0chFaeK39K,Using the same data and prove whether also other researchers get the same results.,,,1,,1,,,,,,,,,,
127,R_2zcPi8BZIRIRpiJ,"Debates about it as a value in qualitative case study research; replicability is a principle that encourages researchers to ensure their research could be done again by another researcher and garner similar results. 
",,1,,1,,,,,,,,,,1,
128,R_30oDv1pHPoPxqec,"It's not something we really talk about in qualitative human geography studies. However, if someone does research on the same topic in the same place and find vastly different results, there's obviously a methodological issue. Or some sort of major change that needs to be addressed.",,,,1,,,,,,,,1,,1,
129,R_1FzdMzqQOaDfnWb,"Using theoretical perspectives and methodologies -even instruments- in other regions, societies, contexts different from the original fieldwork.",,,,,,,1,1,,,,,,,
130,R_3J9H1XkKEabNEJI,"the fact that the survey (e.g. geomorphological, volcano-tectonic, etc..) you produced can be similar to the one produced by other people in the same area. In other therm different people ""see"" or quantify the same geological object or processes.",,,,1,,,,,,,,1,,,
131,R_2wEOiZYtUQ5pYZq,Replicability is the need for research results to be able to be recreated by other scientists using the same methods.,,1,1,,,,,1,,,,,,,
132,R_3FP63BTUCCI7Fts,Repeat your results during the experiments,,,,,,,,,,,,,1,,
133,R_20TAmTUDdovbrnr,Can be verified by other scholars,,,,,,,,,,1,,,,,
134,R_21dCNjhAmLCw1VQ,Two meanings. (1) that a team of researchers using the same methods/data to answer the same research question will find the same results as a previously published study. (2) that a study is published with adequate description of/access to the data and code such that another researcher can rerun the study to find the same results.,,1,1,,1,,,1,,,,,,,
135,R_1jjIcUIYcP6zfbn,"Data are available for folks to pursue replication studies based on approaching same question with possible differences in approach, distinct from reproducibility",,,,,1,,,,1,1,,,,,
136,R_2w167DbKMg5sM5Q,Replicability of methods and Generalisation of results to other context,,,,,,,1,1,,1,,,,,
137,R_VUc9ks9KXC9Id4B,The ability to repeat the same study and obtain similar results,,1,,1,,,,,,,,,,,
138,R_7alCVD4ndVjDzGN,All results could be repeated for the same materials and methods or repeated by the other materials and methods,,,,1,1,1,,1,1,,,,,,
139,R_b7bBrd6vTY0WPbr,The ability to  reproduce results (or perhaps not to reproduce them) in repeat meaurements.,,1,,1,,,,,,,,,,,
140,R_297ledj7LlwhQrN,"To provide sufficient information/access to data, methods, research questions, and hypotheses such that other researchers can replicate results and would come to the same/similar conclusions.",,1,,1,1,,,1,,,,,,,
141,R_3PRye7gYezOb3Lj,NA,,,,,,,,,,,,,,,
142,R_2fm9DPuc399MkdG,Applying same methodology to different case studies leads to similar results,,,,1,,,1,1,,,,,,,
143,R_33BlbdABt1x4k9p,The same results of a study can be obtained by an independent team using the same research methods/experimental setup,,,1,,,,,1,,,,,,,
144,R_3irFM4PEDfmMit0,When working with speleothems on paleoclimate my aim is to verify if I ca obtain consistent results from several speleothems and caves located in similar geographic region in order to verify if I ca answer the same scientific question.  This is done by  obtaining independent data from each cite .,,,,,,,,,,,,,1,,
145,R_UWoet094BaF5DmF,anyone should be capable to replicate your study using the methodology and the same type of variables to obtain similar results,,1,,1,,,,1,,,,,,,
146,R_2wKVdNtjbIzGE1B,be able to reproduce the same findings to a considerable extent. ideally 1-1 with the use of scripts and making all data accessible,,1,1,,1,,,1,,,,,,,
147,R_1IQTLp95pnkH30F,"In one sense replicability of research would mean that an author's or a research team's work is designed and reported in such a way that other scientists (or another scientist) can reproduce the work.  The term also applies to experimental design and execution, an arena in which it can take on many definitions and meanings, and an area where there is more room for error and misunderstanding.  It can be a statistical problem (avoiding pseudoreplication in inferential stats; detecting and understanding differences between treatments) or an issue in experimental design when researcher(s) have to be careful to avoid pseudoreplication in their design and analyses (for example, not thinking carefully about correlated samples).",,1,,,,,,,,,,,1,,
148,R_2X5kVU6tdzc1Jrr,"For me, in brief, replicability is to enable other researchers to reproduce my research. This includes the availability of data, rigor documentation of methods and code availability if programming/scripting is involved.",,1,,,1,,,1,,,,,,,
149,R_ZCxeMZPKeLGXs6R,"That a group or individual can come to similar analytical results than a previous author/scientist has published based on the provided information about samples, methods, analytics.",,,,1,1,,,1,,,,,,,
150,R_YaTOFGWO3J9wMJH,The results of the study can be reproduced,,1,1,,,,,,,,,,,,
151,R_3kzYDRIyZiLdDLc,Replication of results if same method/approach was used,,,1,,,,,1,,,,,,,
152,R_2afpzVjvgePdHUN,To be able to reproduce a process or a system,1,,,,,,,,,,,,,,
153,R_2YmI0oowwx6LVfY,Possibility to reply the experience n times,,1,,,,,,,,,,,,,
154,R_2CNzm5TgQlE80wp,The ability to replicate a research protocol using the method described.,,1,,,,,,1,,,,,,,
155,R_2bK4LZ2JGxn8E4Z,"In my subfield replicalibity is the capacity that anyone in the world repeat the methods and experiments conducted within my research and find the same, or at least similar, results. In order to guarantee replicalibility, it is expected that the reasearcher made your data available in a readable format and clearly explain the steps executed to achieve the reported results.",,,,1,1,,,1,,,,,,,
156,R_ZwNKNFiMiFDlLDH,being able to re-run the whole analysis presented by the authors.,,,,,,,,1,,,,,,,
157,R_2cjFZlsb4wdbQV4,should able to reorganize the experiment for better accuracy,,,,,,,,,1,,,,,,
158,R_31T0pSIYyHRWKZy,Can you duplicate results,,,1,,,,,,,,,,,,
159,R_TinjnQfh73VBvA5,"Being able to replicate a procedure, whether that be field or lab based, to reach similar results.",,,,1,,,,1,,,,,,,
160,R_3kwjSVPeyBIYRDF,The extent to which the results can be transferred and replicated to other contexts,,,,1,,,1,,,,,,,,
161,R_1lzR4paihQzfLPc,NA,1,,,,,,,,,,,,,,
162,R_20Zrza4J6xJjNXG,The data we collect from the field and also generated out of the morphometric studies can be used in multiple ways to strengthening our interpretation or to prove the notions with multiple parameters.,1,,,,,,,,,,,,,,
163,R_XvvTXkW67vuobyp,NA,1,,,,,,,,,,,,,,
164,R_SZuw11jHEFjFCUh,That a study should be able to be replicated with the information provided in an article and associated content (e.g. online datasets and code).,,1,,1,1,,,1,,,,,,,
165,R_2s5YBRqwSEvQq3s,An alternate researcher or research team is able to get the same or very similar results using the same experimental setup or field sampling design.,,1,,1,,,,1,,,,,,,
166,R_1SQxbTCROMaTCRH,When results can be reproduced systemically and within error of each independent measurement,,,,,,,,,,,,,1,,
167,R_qVkxEMbhcoR5MWd,Not thinking about it too much,1,,,,,,,,,,,,,,ok!
168,R_2cbeZl6DrEbfuhg,"Replicability of research results is important to persuade people to understand.  However, while we conduct research, we usually do not think about replicability.  Replicability matters after we get certain results, and this means that replicability largely depends on other researchers' inspection.    
",,,,,,,,,,1,,,,,
169,R_9yjSPJNrxM34AJX,"Replicability means that, if another researcher reads one of my papers they will be able to repeat the experiments and achieve the same results.",,1,1,,,,,,,,,,,,
170,R_b7Aqz1046LWRGOB,"The methods is somewhat general, and the software can be used in different field.",,,,,,,1,1,,,,,,,
171,R_3s6X41w0Nmc8CrS,data and method sharing,,1,,,1,,,1,,,,,,,
172,R_1f8jSTA2aO4BrIu,NA,1,,,,,,,,,,,,,,
173,R_3RaulrncYoApMmL,the research results could be reproduced by others,,,1,,,,,,,,,,,,
174,R_3g14nsAAC2YUEz7,The methodologies provided in research outputs enable others to produce the same results from the same dataset.,,1,1,,1,,,1,,,,,,,
175,R_32JWfrD9xNtlcoc,NA,1,,,,,,,,,,,,,,
176,R_3JfxLzPYz0yYY05,That anyone can repeat your study.,,1,,,,,,,,,,,,,
177,R_3G2j1MeTjxp2PQP,It can be copied and be learned to some extent for improvement.,,1,,,,,,,,,,,,,
178,R_1rel4tgU8Tlothm,"the describe methodology can be reused, repeat by other researcher in other geographical area",,1,,,,,1,1,,,,,,,
179,R_Tk2dvBRyudDo73r,"A research study is replicable when the entire research process is conducted again, using the same methods but new data, and still yields the same results. This shows that the results of the original study are reliable.",,,1,,,1,,1,,1,,,,,
180,R_pMlKAD4q0vYUjJL,"The claim that empirical research of a study can be repeated in the same way as it was done in the study. However, this is not exactly possible in qualitative research, as data collection is always a co-construction between all persons involved in the data collection. Transferred to qualitative research, this means for me rather that one would use the same questions, analyse the data with the same methods, etc. The fact that the results are not necessarily the same is not a weakness, but rather to be expected, since our knowledge is always embedded and co-constructed. 

",,,,,,,,1,,,1,,,1,
181,R_1g1qq1sif8LrQUw,NA,1,,,,,,,,,,,,,,
182,R_5i18aeRbLn0KjSN,"providing the data I analyze together with describing my analytical steps in detail so that another researcher can ""re-do"" my analysis",,1,,,1,,,1,,,,,,,
183,R_3n77tPjjYIWc1cR,"The analysis I have conducted should be replicable using the data I make available (or through the collection of the same data) by other researchers.

A study with high external validity makes the results replicable in different (but comparable) contexts with different (but comparable) data",,1,,,1,1,1,1,,1,,1,,,
184,R_32QOe4jF6xH5Dvt,"by ""replicability"" I understand the possibility of repeating research by other researchers.",,1,,,,,,,,,,,,,
185,R_12rtJeK1Q8uithM,"Providing the methods used, my peers should be able to replicate my research and achieve the same results - within statistical uncertainties.",,1,1,,,,,1,,,,,,,
186,R_ugJNCts0DB8UDx7,"In transport (as probably in other fields) it means obtaining similar/ consistent results on new data or other computational methods, across studies aimed at answering the same research question. It also means that current studies should publish enough detail to enable researchers to obtain the same results as the published study when applying their approaches to the same data.",,1,,1,,1,,,1,1,,,,,
187,R_QfC5BqtNBIM18lj,The ability of other scholars to use the same methods to come to the same research results,,1,1,,,,,1,,,,,,,
188,R_2cC9Jagr4KsA1Wq,"The availability of data, codes, etc so that the analysis conducted can be reproduced, including using alternative samples, by other researchers.",,1,1,,1,1,,1,,,,,,,
189,R_3lMreejg02CES3V,repeating the analysis of 'unknowns' and receiving the same (within uncertainties) results,,,1,,,,,1,,,,,,,
190,R_3NEeYSMCiB9MAEN,A researcher with the same level of understanding should be able to follow the same methods in a study and achieve similar results and conclusions.,,1,,1,,,,1,,,,,,,
191,R_zShF30Uu02xEICd,Accuracy of determinants at seascape or landscape scales  by virtue of representative sampling and analytical accuracy and choice of determinants to contrain alterative interpratations of the conclusion,,,,,,,,,,,,,1,,
192,R_1E4cSAKWKE0Gmqx,To provide the complete dataset of results and an accurate methodology so that others can replicate your method and obtain the same outcome.,,1,1,,1,,,1,,,,,,,
193,R_3JDyx6DaPYLYCTT,"(1) To apply the methods of published research in other areas or in a local case study with new findings;

(2) To develop an indigenous framework based on a theory published and widely discussed;

(3) To replicate existing research in another study to solve specific problems or response to specific phenomena.",,,,,,,1,1,,,,,,,don't know what to do with 2) and 3)
194,R_32Q6Rwar8wdJipq,The same research results can be obtained when the same research methods are applied to the same subject by third parties and by the original researchers.,,,1,,,,,1,,,,,,,
195,R_Y3J7NHT5owB7BOV,Others should be able to replicate a published study independently from info given and derive same results,,1,1,,,,,,,,,,,,
196,R_3ISkQ8fcHYBtgGQ,Ability to reproduce the results of a research by following a clear procedure,,1,1,,,,,1,,,,,,,
197,R_bw794vHjEVb5bih,In short: my research  can be repeated by others.,,1,,,,,,,,,,,,,
198,R_CdZOp2Zpk0DkX9n,"Getting the same results after using the same methods as described in a previous study. In my field (ecology and evolution), this is mostly thought of in the context of experiments. Because my field is related to the entire diversity of life on Earth and all of its habitats, we frequently find different results using similar methods, and attribute that to species variation, changes over time, or different environments. I'm not aware of any efforts in E&E to exactly replicate a study.",,,1,,,,,1,,,1,,,,
199,R_22M1rRe9jg23U72,A third party should be able to perform the same study and follow all processes / decisions.,,1,,,,,,,,,,,,,
200,R_10VJBUOrqWGhdYM,NA,1,,,,,,,,,,,,,,
201,R_DqVnI6T67L30pNL,"Providing sufficient information on methods and access to data for readers of my publications to reproduce my results and eventually spot issues with their validity
",,1,1,,,,,,,,,,,,
202,R_voCbvTZhCTWEXFD,A replicable study should allow the possibility of applying the same methods or performing the same analyses in areas with similar characteristics,,,,,,,1,1,,,,1,,,
203,R_5nJTN2ZzJCggozD,"As I instruct my graduate students - if someone were to conduct your research using the methodology you describe, would they produce the same (or very similar) results?",,,1,1,,,,1,,,,,,,
204,R_1kGKQCTPNe3yLFH,to obtain consistent results across studies,,,,1,,,,,,1,,,,,
205,R_1JVnmzyFoIeU1QF,"The possibility of repeat the same experiment more than one time, obtaining more or less the same results.",,,1,,,,,1,,,,,,,
206,R_exPGcvH5OgqUa1X,NA,1,,,,,,,,,,,,,,
207,R_2775qqxiRTtt1cs,"Whether or not a study can be reproduced, using the same methods, in a different context.",,,,1,,,1,1,,,,,,,
208,R_1gu9AaeVpVNbhwd,Replication of outputs based on the description of methods or provided code.,,,1,,,,,1,,,,,,,
209,R_3IQP2wtccGZwiZl,"Offering readers all resources (data, code, instructions...) needed to replicate a study's results",,1,,,1,,,1,,,,,,,
210,R_3s0KrPYI9sPEsZE,permanent or sustainable,1,,,,,,,,,,,,,,
211,R_0cUYL2XcxKAc0pj,Apply the same research method to obtain similar results.,,,,1,,,,1,,,,,,,
212,R_qVib0ammWKmcgXT,"Authors should provide all necessary raw data, data descriptions and programme codes that allow the replication of their results.",,1,,,1,,,1,,,,,,,
213,R_2WNEa9aWJQnpI32,Being able to replicate the research with the data provided in a paper,,,,,1,,,,,,,,,,
214,R_pJBMLsumdf5FiZb,"replicating policy and development frameworks across different places, countries and contexts and ""replicating"" effects.",,,,,,,1,1,,,,,,,
215,R_2VJuZ1RbgSIpvbM,"Whether the results of a study can be reproduced methodologically.
Whether the results of a study have been reproduced in the same or different system",,1,,1,,,1,1,,,,,,,
216,R_2fK9bZzbkSCZPZi,Obtaining consistent results across different analysis.,,,,1,,,,,1,,,,,,
217,R_bpcJpG1Ik5bxCbT,NA,,,,,,,,,,,,,,,
218,R_cD4SjWG6wsXrzrj,"Analysing biomolecules in sediment archives is time consuming and replicability can be obtain only after several attempts, which smoothen out the heterogeneity and unicity intrinsic to the samples.
So we're far from a simple replicability as in, I don't know, a pure chemistry procedure.",,,,,,,,,,,,,1,,
219,R_e8PdtGjZc7tyewF,"My understanding is that methods described in the study should be clear and step-wise, thus can be exploited and applied by other interested researchers. As a second understanding, the results of the applied methodology, when applied on another study region should provide comparatively similar performance",,1,,1,,,1,1,,1,,,,,
220,R_10Ox55zGINCNTzW,"I can distinguished two meanings.
1. The description of a scientific study in detail sufficient to enable the study to be repeated in all essential respects.
2. A scientific finding that has been repeatedly obtained is said to be replicable. 
",,1,,,,,,,,1,,,,,
221,R_12aL2yRxO8KivdA,you can adapt the same aplication to other spatial context,,,,,,,1,1,,,,,,,
222,R_3314IyqBXVcjtrr,"That two researchers (research teams) can carry out more or less the same study reaching independent each other and still reach results that resemble each other. However, qualitative studies as well as surveys can be difficult to replicate, should the respondents for instance be exactly the same - whereby you run the risk of respondents will reply differently precisely because they have been asked before whcih has led to reflection and chanings perceptions/attitudes.",,,1,,,,,1,,,,1,,1,
223,R_2dylAoRIMaUFf3E,"Data collection should be describes as precisely, so another person can just grab the protocol and exactly replicate the data. Te problem in my fild is that the experiments are huge, large in space and long, so it is difficult to actually replicate them. We were for example loggin a hectar of forest to survey all arthropods on them. Hard to do it again, at the same place and time, to obtain similar results.",,1,1,,,,,1,,,,,,,
224,R_3CPcL0lTQJo9TVP,ability of a different team to replicate your results,1,,,,,,,,,,,,,,
225,R_3m3k6FdTAqZLSTP,"not always applicable in my subfield, but I regard it as the possibility to repeat a very similar project with very similar results.",,,,1,,,,1,,,,,,,
226,R_2WIT7MBh29Vkc5q,"I can re-run the code using the data provided or my own data, and arrive at the same conclusion as the original authors claimed.",,,,1,1,1,,1,,,,,,,
227,R_enFtf1blrGyfTZT,Research process that can be replicated,1,,,,,,,,,,,,,,
228,R_2dKotriFg8OBGG4,restudy using same/new data and methods finds the similar results,,,,1,1,1,,1,,,,,,,
229,R_ZLj0qv8OCewptJL,Verify the results of research,,,,1,,,,,,,,,,,
230,R_3HGsYPHfQ7P2EQT,Policy transfer,1,,,,,,,,,,,,,,
231,R_Rm2Xzrqf2BSZLAR,To produce the data within a range of standard deviation under similar conditions,,,,1,,,,,,,,1,,,
232,R_4VOi5aNCYFvE4IV,"Replicabilty roughly means that when you do the same study/experiment again, you will find thesame effects",,,1,,,,,1,,,,,,,
233,R_1Q3qRHXnmeySkAs,"Being able to reproduce what other have done, if they provide enough data and information to replicate their experiments and results.",,1,1,,1,,,1,,,,,,,
234,R_2wSr2DUYESU433b,That another group could repeat the research and obtain similar results.,,1,,1,,,,,,,,,,,
235,R_TnkREaPVeoVqvWV,"I am a qualitative research. I work with feminist and queer methodologies and have written in that field. As you may be aware, there is considerable critique of the notion of 'replicability' especially when dealing with people's experiences and everyday lives. The notion of whether my work can be replicated has never been considered given the ontological and epistemological frames I work within.",,,,,,,,,,,,,,1,
236,R_2wLF4U2NAW5YixV,To be able to obtain results similar to the ones from a study in the same location using similar methods,,,,1,,,,,,,,1,,,
237,R_2iA4ZxLh2xcgyMV,Research results that can be replicated by someone else.,,1,,,,,,,,,,,,,
238,R_3HjGCTIojPwlaYO,The ability to obtain consistent results (given inherent amount of system variation) from independent studies designed to investigate the same hypothesis,,,,1,,,1,,,1,,,,,"may ""system variation"" imply new context?"
239,R_2EGMDM6DLhcZGGp,To ensure that any results produced using a particular method can be reproduced by a different researcher/analyst,,1,1,,,,,1,,,,,,,
240,R_DUf9mj6LbrKDJlL,Using your data or similarly produced data other scholars can find comparable results.,,,,1,1,1,,,,,,,,,
241,R_0cupkf4fRQjLf1f,The possibility of replicating the research methology and methods to test the achieved results,,1,,,,,,1,,1,,,,,
242,R_2zeHJRr4V0cTKWQ,It means that you can replicate the method or technique from another research,,1,,,,,,1,,,,,,,
243,R_ANzRI4FyY6OkG0p,The ability to replicate a study/successfully apply the same methods,,1,,,,,,1,,,,,,,
244,R_3EoSdicVny87FVP,"I rely on the definition provided by Bollen et al. (2015, p. 4): ""Replicability refers to the ability of a researcher to duplicate the results of a prior study if the same procedures are followed but new data are collected.""

Reference:
*************
Bollen, K.; Cacioppo, J. T.; Kaplan, R. M.; Krosnick, J. A.; Olds, J. L. (2015): Social, Behavioral, and Economic Sciences Perspectives on Robust and Reliable Science. Report of the Subcommittee on Replicability in Science. Advisory Committee to the National Science Foundation Directorate for Social, Behavioral, and Economic Sciences.",,,,1,,1,,1,,,,,,,
245,R_26hSbKV3v7G37sN,"I work with temperature palaeoreconstructions from the Quaternary. So I would say that if I have many (dozens to thousands) reconstructions of the temperature in Celsius degree and they reveal common trend that means results are replicable. If I have some reconstruction from well recognized region like Europe and it gives totally different trend then all the other and the Greenland Ice Cores, then it is outlier. Probably some local conditions, not climate, are the main driver then.",,,,1,,1,1,,,,,,,,
246,R_2bTb97pZHCUQPFl,That the data is open source and the methods are well described so that anyone with the correct expertise can replicate and get the exact results.,,1,1,,1,,,1,,,,,,,
247,R_2arhrt5roJt2dUu,One should be able to conduct a study again. This is good for validity and generalizability.,,1,,,,,,,,1,,,,,
248,R_1kNuJVzdFwP261q,NA,,,,,,,,,,,,,,,
249,R_3qq9piyuQmicdg2,That someone else can complete the same study and get the same/similar results,,1,1,1,,,,,,,,,,,
250,R_1mlVpGAtH8ozOxs,the quality of being able to be exactly copied or reproduced,,1,,,,,,,,,,,,,
251,R_3kzkSfKmZzAETSt,The same results obtained by the same methods in different laboratories.,,,1,,,,,1,,,,,,,
252,R_diN3pMe5WnNM3UR,The ability of an individual to produce the same results as those published by the original research team.,,,1,,,,,,,,,,,,
253,R_1gnMk01mhM4A78T,"repeatability of phenomena and processes over time, after the emergence of similar environmental conditions; the principle of geographical actuality",,,,1,,,1,,,,,1,,,
254,R_12maac4JzzzVJ49,"I consider replicability as meaning that another researcher could collect an independent sample from the same population, conduct the same analysis, and observe very similar or identical results.",,,,1,,1,,1,,,,1,,,
255,R_3fw9zzmSBdpfoku,"it is a term that is most often used in a positivist paradigm to point at the extent to which research result can be repeated in another research setting, or the extent to which research are externally generalizable. It is however an uncommon term used in qualitative research, where usually other criteria are being used to assess the rigour of research.",,,,,,,1,1,,1,,,,1,
256,R_1N1Svp5CfRCrP7y,"Replicability is the ability of reuse methods as well as evaluation experiments in order to learn, improve (or other purposes) approaches for solving a given problem.",,,,,,,,1,1,,,,,,
257,R_2dT638pkfuO1Y9q,Using data from different regions to achieve similar research ideas,,,,1,,,1,,,,,,,,
258,R_T2gXGhZLhfpgdm9,Our research can be replicable in other regions or periods.,,,,,,,1,,,,,,,,
259,R_3OpRADPduNKjEya,The use of new data or methods,,,,,,1,,,1,,,,,,
260,R_1HcK5Beyfyu1bVM,Ability to reproduce results from a previous by a different independent researcher using the same methods and parameters.,,1,1,,,,,1,,,,,,,
261,R_9yN3m8hSZw9DOtr,my research method is clear enough to be replicate by other researcher,,1,,,,,,,,,,,,,
262,R_2qlSz0jmuWrTNdd,"I think ""replicability"" is working the same research in other areas with similar situations and approaches",,,,,,,1,1,1,,,,,,
263,R_4OOu40Y7K5C4XwR,If you repeat an experiment/analysis/protocol it will produce similar results,,,,1,,,,1,,,,,,,
264,R_qJIMk1SgFbWFqZr,This means the extent to which the same research work can be done/replicated in other locations/areas obtaining consistent results across these studies [answering the same scientific question],,,,1,,,1,1,,1,,,,,
265,R_3h4wefeiWpv8qjl,A test can be done again. Results can be obtained according to the given process.,,,1,,,,,1,,,,,,,
266,R_2zj9ELKfr6t6eI6,"Clear presentation of results and analysis, such that methods can be understood and reproduced; moreover, it is increasingly common and expected in my field to publish datasets and/or code underlying the analyses to aid replicability.",,1,,,,,,,,,,,,,
267,R_2Phi6ekja5yq8fo,"As the ability to repeat the study, experiment or investigation in different situations, with different subjects and researchers. Considering as a key element, adaptation to the context.

",,,,,,,1,1,,,,,,,
268,R_1M08jGj2bY7Q1xS,"The procedure or approach that uses, in the field of geography, the same tools and means to conduct one research or study, and that implies, to some extents, predictable results.",,,,1,,,,1,,,,,,,
269,R_3EX39IG50mfpoyP,To use a study design that can be adopted by another researcher who is asking the same or similar research question and is interested to learn whether they will find the same or similar results.,,1,1,1,,,,1,,1,,,,,
270,R_p4qQv0HCkxIPjhf,the method could be used in similar area and the results is explainable.,,,,1,,,,1,,,,,,,
271,R_1DNHnDYV9Jbb3zZ,"Providing enough information and context of a scientific study for another, later study to be able to reproduce the original study.",,1,,,,,,,,,,,,,
272,R_u1x9B19QF2XIS1r,"I conduct fieldworks, social surveys, and numerical modeling. 

For fieldworks, results of a study can be replicated if nothing much changed in the study site and measurements were done again. In my case, I measured the size and orientation of coastal coral boulders. If these boulders were not moved or broken by strong waves, then same measurements will be recorded by another surveyor and results would most likely be similar. 

For social surveys, we target anecdotal accounts from old people. As long as these interviewees are alive and still capable to answer questions that we gave,  next interviewers would likely gather similar information.

Input data for numerical models that I work with are from historical databases. Model results will be replicated if the same data and model configurations are used.",,,1,,1,1,,1,,,,1,,,
273,R_a9I2KZxkQIqf2MN,Homogeneous scientific research,,,1,,1,,,1,,,,,,,
274,R_xAFZq46daQnmI6t,It must be possible for others to repeat all research you publish,,1,,,,,,,,,,,,,
275,R_2ea54TNXI0G2Yi9,Same method can be applied for different locations,,,,,,,1,1,,,,,,,
276,R_rfJb4mgwGKTERQB,"Replicability for example,  is the ability of a method to be replicable by different researchers in different parts of the world where they achieve the same or very similar results.",,1,,1,,,1,1,,,,,,,
277,R_da0uamrTt4giHpn,The capability to obtain consistent results following a consistent methodology.,,,,1,,,,1,,,,,,,
278,R_2pPiQTXqq6IxUt7,As researcher is important to assure the replicability of the study. It means allow the replication of the entire research process in order to conduct new study and verify the reliability of findings.,,1,,1,,,,,,1,,,,,
279,R_3KUdpK17gEnb4fU,Reading an article and using the same methods in another context,,,,,,,1,1,,,,,,,
280,R_3IQWK1cyrrAaBg8,Obtainig similar results within different laboratories for the same methodology,,,,1,,,1,1,,,,,,,
281,R_1DohHngwEUcSUtE,A research result which could be found with the exactly same research methods and sites.,,,1,,,,,1,,,,1,,,
282,R_1K1DmlmYvBngzly,NA,1,,,,,,,,,,,,,,
283,R_OOrwKDM9E8r8ju1,Finding consistent results across different studies taking into account context-specific processes.,,,,1,,,1,,,1,,,,,
